homeTeam,awayTeam
VGK,ANA
ANA,CAR
ANA,DAL
ARI,ANA
ANA,BOS
CBJ,ANA
BOS,ANA
PHI,ANA
PIT,ANA
ANA,ARI
ANA,VGK
ANA,PIT
ANA,PHI
ANA,SJS
NSH,ANA
COL,ANA
ANA,FLA
ANA,STL
ANA,MTL
ANA,LAK
EDM,ANA
VAN,ANA
ANA,WSH
ANA,COL
COL,ANA
CHI,ANA
ANA,WPG
NYI,ANA
NYR,ANA
NJD,ANA
DET,ANA
ANA,CGY
ANA,SEA
ANA,VGK
ANA,ARI
ANA,EDM
ANA,TOR
ANA,WPG
ANA,DET
NSH,ANA
CAR,ANA
TBL,ANA
FLA,ANA
WSH,ANA
SJS,ANA
ANA,NYR
ANA,BUF
DAL,ANA
MIN,ANA
ANA,SJS
ANA,EDM
MTL,ANA
OTT,ANA
TOR,ANA
BUF,ANA
ANA,CBJ
LAK,ANA
ANA,NSH
SJS,ANA
ANA,NJD
ANA,VAN
ANA,OTT
ANA,DAL
ANA,NYI
CHI,ANA
MIN,ANA
WPG,ANA
STL,ANA
ANA,MIN
ANA,CHI
ANA,TBL
SEA,ANA
SEA,ANA
EDM,ANA
VAN,ANA
CGY,ANA
ANA,SEA
ANA,STL
ANA,LAK
ANA,CGY
LAK,ANA
VGK,ANA
NJD,ARI
NYR,ARI
NYI,ARI
STL,ARI
LAK,ARI
ARI,LAK
ARI,CHI
ARI,MTL
ARI,WPG
ARI,SEA
STL,ARI
NSH,ARI
DAL,ARI
CBJ,ARI
WPG,ARI
ARI,LAK
ARI,STL
VGK,ARI
ARI,TBL
ARI,COL
ARI,STL
ARI,WSH
ARI,PHI
BOS,ARI
BUF,ARI
PIT,ARI
ARI,SJS
ARI,BUF
ARI,OTT
SJS,ARI
COL,ARI
ARI,COL
ARI,FLA
ARI,NYI
ARI,WPG
ARI,BOS
ARI,CGY
MIN,ARI
CGY,ARI
VAN,ARI
ARI,NSH
ARI,PIT
FLA,ARI
TBL,ARI
CAR,ARI
ARI,VGK
NSH,ARI
PHI,ARI
ARI,MIN
ARI,CAR
COL,ARI
ARI,EDM
ARI,TOR
WPG,ARI
MTL,ARI
TOR,ARI
OTT,ARI
WSH,ARI
ARI,CHI
ARI,MIN
ARI,DET
CHI,ARI
MIN,ARI
DET,ARI
ARI,NJD
DAL,ARI
ARI,SEA
ARI,DAL
ARI,CBJ
ARI,NSH
ARI,NYR
ARI,VAN
ARI,VGK
SJS,ARI
SEA,ARI
VAN,ARI
EDM,ARI
CGY,ARI
ARI,EDM
BOS,CHI
BOS,NSH
SJS,BOS
LAK,BOS
CHI,BOS
BOS,DET
BOS,FLA
BOS,TOR
DET,BOS
DAL,BOS
BOS,NYI
MTL,BOS
BUF,BOS
BOS,MTL
TBL,BOS
FLA,BOS
BOS,DET
NYR,BOS
CBJ,BOS
BOS,SJS
TOR,BOS
BOS,CBJ
BOS,BUF
NJD,BOS
NYI,BOS
BOS,NYR
BOS,MIN
WPG,BOS
MIN,BOS
BUF,BOS
BOS,NJD
DET,BOS
CBJ,BOS
BOS,PIT
BOS,TBL
COL,BOS
VGK,BOS
STL,BOS
BOS,NJD
BOS,COL
BOS,MTL
BOS,WPG
BOS,CAR
OTT,BOS
PHI,BOS
BOS,CGY
BOS,VAN
BOS,WSH
BOS,TBL
BOS,SEA
BOS,LAK
BOS,DAL
EDM,BOS
CGY,BOS
VAN,BOS
SEA,BOS
BOS,VGK
NYI,BOS
TOR,BOS
BOS,EDM
BOS,TOR
BOS,PIT
BOS,STL
MTL,BOS
BOS,PHI
BOS,OTT
BOS,NYR
PHI,BOS
FLA,BOS
TBL,BOS
WSH,BOS
NSH,BOS
CAR,BOS
BOS,FLA
BOS,CAR
PIT,BOS
WSH,BOS
BOS,OTT
BUF,NYR
NYI,BUF
BUF,TBL
BUF,CGY
BUF,NYI
BUF,MTL
OTT,BUF
NJD,BUF
BUF,COL
PHI,BUF
BUF,PHI
TOR,BUF
CAR,BUF
BUF,MIN
PIT,BUF
WPG,BUF
CHI,BUF
WSH,BUF
BUF,PIT
NJD,BUF
NYR,BUF
STL,BUF
CAR,BUF
BUF,NSH
BUF,DET
BUF,MTL
COL,BUF
VGK,BUF
BUF,CBJ
BUF,TOR
NYR,BUF
BUF,CBJ
OTT,BUF
MTL,BUF
PIT,BUF
BUF,SEA
BUF,OTT
BUF,VAN
BUF,SJS
BUF,CHI
BUF,TBL
LAK,BUF
SJS,BUF
BUF,DAL
BUF,STL
BUF,LAK
BUF,FLA
MIN,BUF
MTL,BUF
CBJ,BUF
BUF,CAR
FLA,BUF
TBL,BUF
BUF,VGK
BUF,WPG
TOR,BUF
NSH,BUF
BUF,EDM
BUF,DET
BUF,NYI
DET,BUF
SEA,BUF
VAN,BUF
EDM,BUF
CGY,BUF
BUF,OTT
BUF,NJD
BUF,TOR
BUF,WSH
BUF,PHI
DET,BUF
DAL,BUF
BUF,WSH
FLA,BUF
TBL,BUF
CGY,WPG
PIT,CGY
WSH,CGY
CBJ,CGY
DET,CGY
CGY,NYR
CGY,STL
EDM,CGY
CGY,DAL
SEA,CGY
CGY,NSH
TOR,CGY
OTT,CGY
MTL,CGY
CGY,VAN
CGY,NYI
SEA,CGY
NSH,CGY
DAL,CGY
COL,CGY
CGY,VGK
CGY,DAL
CGY,VAN
CGY,MIN
CGY,CAR
CGY,NJD
COL,CGY
VGK,CGY
MIN,CGY
CGY,TBL
CGY,FLA
LAK,CGY
CGY,SEA
CGY,PHI
MIN,CGY
NSH,CGY
PHI,CGY
CHI,CGY
CGY,OTT
VGK,CGY
CGY,TOR
CGY,EDM
CGY,STL
CGY,CBJ
CGY,CHI
NJD,CGY
NYI,CGY
NYR,CGY
CGY,SJS
CGY,DET
CGY,WPG
EDM,CGY
CGY,LAK
CGY,PIT
CGY,SEA
TBL,CGY
FLA,CGY
CAR,CGY
CGY,COL
CGY,VGK
CGY,MTL
CGY,WSH
VAN,CGY
CHI,CGY
STL,CGY
CGY,LAK
WPG,CGY
CGY,EDM
SJS,CGY
LAK,CGY
VAN,CGY
CGY,SJS
CAR,OTT
LAK,CAR
SJS,CAR
SEA,CAR
COL,CAR
TBL,CAR
CAR,SEA
CAR,SJS
PHI,CAR
NYR,CAR
NYI,CAR
FLA,CAR
TBL,CAR
CAR,PHI
CAR,PIT
CAR,EDM
CAR,TBL
CAR,CBJ
PHI,CAR
CAR,NYI
WPG,CAR
EDM,CAR
VAN,CAR
OTT,CAR
DET,CAR
CAR,NSH
CAR,WSH
CAR,VGK
PIT,CAR
CAR,NYI
NSH,CAR
CAR,MTL
TOR,CAR
NYR,CAR
WSH,CAR
CAR,STL
CAR,PIT
CAR,LAK
CAR,DET
CAR,MIN
CAR,NJD
CAR,VAN
CAR,COL
CAR,NJD
DAL,CAR
VGK,CAR
CAR,CHI
CAR,FLA
CAR,DAL
MIN,CAR
CBJ,CAR
CAR,WPG
CAR,MTL
NJD,CAR
CAR,NYR
CAR,FLA
TOR,CAR
OTT,CAR
NYI,CAR
CAR,PHI
WSH,CAR
CAR,TOR
PIT,CAR
CAR,DET
MTL,CAR
CAR,WSH
CAR,CBJ
STL,CAR
CHI,CAR
CBJ,CAR
PIT,CHI
MTL,CHI
TOR,CHI
COL,CHI
CHI,VGK
VGK,CHI
CHI,FLA
CHI,NJD
TBL,CHI
FLA,CHI
CHI,TBL
NSH,CHI
CBJ,CHI
CHI,TOR
CHI,STL
CHI,SEA
DET,CHI
WPG,CHI
MIN,CHI
CHI,NSH
CHI,STL
CHI,WSH
EDM,CHI
SEA,CHI
CHI,VAN
CHI,COL
CHI,MTL
STL,CHI
CHI,WPG
DAL,CHI
DAL,CHI
NSH,CHI
NYR,CHI
NJD,CHI
CHI,EDM
WPG,CHI
CHI,DAL
CHI,SJS
CHI,NYI
VAN,CHI
SEA,CHI
EDM,CHI
CHI,MIN
CHI,NYR
CHI,VAN
CHI,PIT
CHI,OTT
CHI,PHI
CHI,WPG
CHI,DET
CHI,COL
CHI,CBJ
COL,CHI
WSH,CHI
CHI,LAK
CHI,SJS
LAK,CHI
SJS,CHI
OTT,CHI
PHI,CHI
NYI,CHI
CHI,DAL
CHI,MIN
STL,CHI
CHI,NSH
VGK,CHI
LAK,CHI
LAK,COL
SJS,COL
SEA,COL
NYI,COL
PIT,COL
COL,STL
VGK,COL
COL,NJD
COL,SEA
COL,STL
SEA,COL
DAL,COL
NSH,COL
COL,VAN
MIN,COL
COL,TBL
LAK,COL
COL,WPG
COL,PHI
WPG,COL
COL,SJS
COL,OTT
STL,COL
COL,SJS
COL,NYI
DAL,COL
COL,FLA
COL,VGK
TOR,COL
MTL,COL
OTT,COL
PHI,COL
COL,WSH
COL,LAK
NYR,COL
NJD,COL
FLA,COL
WSH,COL
TBL,COL
COL,VAN
DET,COL
COL,TOR
COL,DAL
NSH,COL
COL,DET
COL,MIN
VAN,COL
EDM,COL
STL,COL
COL,CBJ
COL,PIT
COL,MTL
COL,NYR
COL,NSH
CBJ,COL
MIN,COL
EDM,COL
COL,DAL
COL,MIN
COL,WPG
VGK,COL
COL,EDM
CBJ,PHI
CBJ,NYR
CBJ,DET
MIN,CBJ
MTL,CBJ
CBJ,NYI
DAL,CBJ
CBJ,TBL
WSH,CBJ
FLA,CBJ
CBJ,DAL
DET,CBJ
NYR,CBJ
CBJ,PIT
WSH,CBJ
PHI,CBJ
NJD,CBJ
CBJ,MTL
CBJ,OTT
CBJ,LAK
NYI,CBJ
CBJ,STL
CBJ,FLA
TOR,CBJ
CBJ,NJD
CBJ,WSH
CBJ,TOR
NJD,CBJ
CBJ,TOR
PHI,CBJ
CBJ,MIN
WPG,CBJ
CBJ,SEA
CBJ,VAN
CBJ,NJD
EDM,CBJ
VAN,CBJ
SEA,CBJ
STL,CBJ
CBJ,TBL
OTT,CBJ
SJS,CBJ
LAK,CBJ
CBJ,NYR
NYR,CBJ
CBJ,VGK
PIT,CBJ
CBJ,EDM
CBJ,NSH
MTL,CBJ
CBJ,OTT
CBJ,SJS
CBJ,WPG
DET,CBJ
VGK,CBJ
PIT,CBJ
CBJ,PIT
CBJ,NYI
CBJ,PHI
TBL,CBJ
FLA,CBJ
NSH,CBJ
DAL,STL
VGK,DAL
DAL,PHI
PIT,DAL
DAL,TOR
EDM,DAL
VAN,DAL
WPG,DAL
MIN,DAL
DAL,NYR
DAL,VGK
WPG,DAL
DAL,TBL
TBL,DAL
FLA,DAL
WSH,DAL
DAL,VGK
DAL,DET
DAL,OTT
STL,DAL
DAL,SEA
DAL,VAN
NSH,DAL
STL,DAL
DAL,MTL
DAL,NSH
MIN,DAL
DAL,MIN
DAL,NSH
DAL,LAK
PHI,DAL
NJD,DAL
NYI,DAL
DET,DAL
DAL,WSH
TOR,DAL
MTL,DAL
NSH,DAL
DAL,EDM
NYR,DAL
OTT,DAL
DAL,NYI
DAL,WPG
DAL,SJS
SJS,DAL
LAK,DAL
DAL,FLA
DAL,NJD
DAL,LAK
DAL,PIT
SJS,DAL
VAN,DAL
SEA,DAL
DAL,EDM
DAL,WPG
DAL,SEA
DAL,STL
NJD,DET
DET,TBL
DET,PIT
OTT,DET
DET,SEA
DET,WPG
NYI,DET
DET,FLA
NYR,DET
DET,MTL
OTT,DET
DET,TOR
DET,NJD
DET,MIN
NYR,DET
MTL,DET
DET,SJS
DET,OTT
STL,DET
PHI,DET
WPG,DET
DET,PHI
NJD,DET
MIN,DET
DET,NSH
SJS,DET
LAK,DET
DET,EDM
DET,LAK
TOR,DET
FLA,DET
DET,TBL
DET,PHI
DET,VGK
DET,OTT
DET,VAN
EDM,DET
VAN,DET
SEA,DET
DET,STL
DET,WSH
DET,NYI
DET,FLA
VGK,DET
PIT,DET
DET,NYI
NSH,DET
WSH,DET
FLA,DET
TBL,DET
DET,NYR
DET,WSH
PIT,DET
TOR,DET
DET,MTL
MTL,DET
VAN,EDM
EDM,VAN
NSH,EDM
PHI,EDM
EDM,WPG
MIN,EDM
EDM,NYR
EDM,NSH
VAN,EDM
SJS,EDM
SEA,EDM
EDM,NYI
EDM,SEA
TBL,EDM
FLA,EDM
WSH,EDM
EDM,VGK
WPG,EDM
EDM,MIN
EDM,NJD
EDM,TBL
EDM,FLA
NYI,EDM
NJD,EDM
NYR,EDM
SJS,EDM
LAK,EDM
EDM,PHI
EDM,OTT
MTL,EDM
EDM,TOR
EDM,SEA
EDM,NSH
VGK,EDM
LAK,EDM
STL,EDM
EDM,MIN
EDM,LAK
EDM,STL
SEA,EDM
EDM,PIT
PIT,EDM
EDM,WSH
EDM,MTL
TOR,EDM
OTT,EDM
WPG,EDM
EDM,LAK
STL,EDM
EDM,VGK
EDM,VAN
EDM,SJS
MIN,FLA
WPG,FLA
NJD,FLA
FLA,TOR
FLA,VAN
FLA,SJS
FLA,SEA
WSH,FLA
SJS,FLA
LAK,FLA
FLA,WPG
OTT,FLA
TOR,FLA
MTL,FLA
FLA,NYI
FLA,PIT
SEA,FLA
VAN,FLA
FLA,STL
FLA,VGK
TBL,FLA
FLA,NYR
FLA,MTL
VGK,FLA
STL,FLA
FLA,LAK
FLA,NJD
FLA,MIN
NSH,FLA
PIT,FLA
NYI,FLA
FLA,PHI
FLA,WSH
PIT,FLA
TBL,FLA
FLA,OTT
FLA,WSH
FLA,MTL
NYR,FLA
NJD,FLA
FLA,PHI
FLA,TBL
FLA,NSH
NYR,FLA
PHI,FLA
FLA,NYI
TOR,FLA
MTL,FLA
OTT,FLA
FLA,OTT
FLA,TOR
WPG,LAK
MIN,LAK
LAK,VGK
TOR,LAK
OTT,LAK
PHI,LAK
VGK,LAK
LAK,PIT
LAK,PHI
LAK,STL
LAK,MTL
LAK,WSH
MTL,LAK
NYI,LAK
NYR,LAK
LAK,WPG
SEA,LAK
SJS,LAK
LAK,SEA
LAK,SJS
VGK,LAK
LAK,TOR
WSH,LAK
TBL,LAK
LAK,NSH
LAK,NYR
LAK,SJS
STL,LAK
NSH,LAK
NJD,LAK
PIT,LAK
LAK,NSH
VAN,LAK
LAK,NJD
LAK,VAN
LAK,OTT
LAK,NYI
STL,LAK
LAK,MIN
LAK,TBL
VAN,LAK
WPG,LAK
LAK,SEA
SJS,LAK
LAK,VAN
LAK,MIN
TOR,MIN
MTL,MIN
PHI,MIN
WSH,MIN
NJD,MIN
MIN,NJD
MIN,NYR
NYI,MIN
NYR,MIN
OTT,MIN
MIN,TOR
MIN,STL
NSH,MIN
VAN,MIN
SEA,MIN
MIN,VAN
PIT,MIN
MIN,MTL
WPG,MIN
MIN,WPG
MIN,TBL
MIN,PHI
MIN,NYI
TBL,MIN
MIN,WSH
MIN,NSH
MIN,PIT
VGK,MIN
MIN,VAN
WPG,MIN
SEA,MIN
NSH,MIN
STL,MIN
MIN,SJS
MIN,NSH
STL,MIN
MIN,STL
MIN,SJS
MIN,VGK
MIN,OTT
MIN,WPG
VGK,MIN
SJS,MIN
MIN,SEA
TOR,MTL
MTL,WSH
MTL,NJD
MTL,WPG
VGK,MTL
STL,MTL
MTL,TBL
MTL,VAN
MTL,VGK
SJS,MTL
MTL,SEA
MTL,NSH
MTL,PIT
MTL,NYI
WPG,MTL
TBL,MTL
MTL,NYR
PHI,MTL
MTL,SJS
NJD,MTL
OTT,MTL
MTL,OTT
MTL,NYI
PIT,MTL
WSH,MTL
MTL,STL
NYR,MTL
MTL,WSH
PIT,MTL
NJD,MTL
TBL,MTL
NSH,MTL
MTL,TOR
VAN,MTL
SEA,MTL
MTL,PHI
MTL,TBL
MTL,TOR
NYR,MTL
MTL,PHI
NYI,MTL
OTT,MTL
TBL,NSH
NSH,SEA
NYR,NSH
NSH,SJS
NSH,VAN
NSH,TOR
VAN,NSH
SEA,NSH
WPG,NSH
STL,NSH
NSH,WPG
NSH,PIT
NSH,NYR
NSH,TBL
TOR,NSH
NSH,PHI
NSH,WSH
NSH,VAN
PHI,NSH
WSH,NSH
NSH,NYI
VGK,NSH
OTT,NSH
NSH,NJD
STL,NSH
VGK,NSH
SJS,NSH
NSH,OTT
WPG,NSH
SEA,NSH
NSH,SJS
NSH,VGK
NSH,STL
NYI,NSH
NJD,NSH
NSH,WPG
PIT,NSH
NYI,NJD
NJD,WSH
STL,NJD
NJD,WSH
WPG,NJD
PIT,NJD
NJD,NYR
NJD,NYI
PHI,NJD
NJD,SJS
VAN,NJD
SEA,NJD
NJD,PHI
OTT,NJD
WSH,NJD
NJD,VAN
TBL,NJD
NJD,VGK
TBL,NJD
NJD,SEA
NJD,PHI
WSH,NJD
NJD,NYR
NJD,TBL
SJS,NJD
NJD,STL
NYR,NJD
VGK,NJD
NJD,PIT
NJD,WPG
NJD,OTT
NYI,NJD
TOR,NJD
NJD,PIT
NYR,NJD
OTT,NJD
NJD,TOR
TOR,NJD
PHI,NJD
NJD,NYI
NYI,OTT
WSH,NYI
NYI,WSH
VAN,NYI
SEA,NYI
NYI,PHI
OTT,NYI
NYI,PHI
NYI,SJS
NYI,TOR
WSH,NYI
NYI,PIT
NYI,WSH
PIT,NYI
VGK,NYI
NYI,VAN
NYI,TOR
WPG,NYI
NYI,VGK
TOR,NYI
NYI,TBL
NYI,SEA
NYI,NYR
PIT,NYI
STL,NYI
NYI,TBL
NYI,STL
SJS,NYI
NYI,OTT
NYR,NYI
NYI,WPG
TBL,NYI
PHI,NYI
NYI,NYR
NYR,NYI
NYI,PIT
SEA,NYR
VAN,NYR
WPG,NYR
PIT,NYR
PHI,NYR
NYR,SJS
OTT,NYR
WSH,NYR
NYR,TOR
TOR,NYR
NYR,WSH
TBL,NYR
NYR,VAN
STL,NYR
WSH,NYR
NYR,WSH
NYR,SEA
VGK,NYR
SJS,NYR
NYR,VGK
OTT,NYR
NYR,TBL
PHI,NYR
TOR,NYR
NYR,STL
TBL,NYR
PIT,NYR
NYR,WPG
NYR,PHI
NYR,PIT
NYR,PHI
NYR,OTT
OTT,PHI
OTT,TBL
OTT,WSH
PIT,OTT
OTT,TBL
TOR,OTT
OTT,VAN
OTT,SEA
OTT,TOR
STL,OTT
VGK,OTT
OTT,PIT
TOR,OTT
VAN,OTT
SEA,OTT
OTT,SJS
OTT,WPG
PHI,OTT
OTT,TOR
TBL,OTT
OTT,VGK
WSH,OTT
PHI,OTT
SJS,OTT
OTT,PIT
OTT,STL
WPG,OTT
WSH,OTT
TBL,OTT
PHI,VAN
VGK,PHI
SJS,PHI
PHI,VGK
PIT,PHI
PHI,PIT
PHI,WSH
VAN,PHI
SEA,PHI
PHI,PIT
WPG,PHI
STL,PHI
PHI,TBL
PHI,WPG
PHI,SEA
TOR,PHI
PIT,PHI
PHI,TBL
WSH,PHI
PHI,STL
TBL,PHI
PHI,SJS
PHI,TOR
PHI,TOR
PHI,WSH
WSH,PIT
STL,PIT
SJS,PIT
PIT,VGK
PIT,TOR
TBL,PIT
TBL,PIT
TOR,PIT
PIT,STL
PIT,WSH
PIT,VAN
PIT,SEA
VGK,PIT
PIT,WPG
WPG,PIT
VAN,PIT
SEA,PIT
PIT,WSH
PIT,SJS
WSH,PIT
PIT,TBL
TOR,PIT
SJS,VGK
TBL,SJS
WSH,SJS
SJS,VAN
VGK,SJS
SJS,STL
VAN,SJS
SEA,SJS
SJS,VAN
SJS,WSH
VGK,SJS
SJS,WPG
VAN,SJS
SJS,WPG
SJS,TOR
TOR,SJS
SJS,SEA
WPG,SJS
SJS,VGK
SJS,TBL
STL,SJS
SJS,SEA
SJS,STL
SEA,SJS
VGK,SEA
STL,SEA
TBL,SEA
VAN,SEA
SEA,VAN
TOR,SEA
SEA,TBL
SEA,VGK
WSH,SEA
SEA,TOR
SEA,STL
SEA,VAN
WPG,SEA
SEA,WPG
SEA,VGK
SEA,WSH
VGK,SEA
STL,SEA
WPG,SEA
WPG,STL
VAN,STL
STL,WPG
STL,TBL
VGK,STL
STL,VGK
TBL,STL
STL,VAN
WSH,STL
STL,WSH
VAN,STL
TOR,STL
STL,TOR
WPG,STL
STL,VGK
TBL,VAN
TBL,TOR
TOR,TBL
TBL,WPG
VAN,TBL
TBL,VGK
WSH,TBL
WPG,TBL
TBL,WSH
VGK,TBL
TOR,TBL
WSH,TBL
TBL,TOR
WSH,TOR
TOR,VAN
VAN,TOR
TOR,WPG
WPG,TOR
VGK,TOR
TOR,VGK
WSH,TOR
TOR,WSH
VAN,VGK
WSH,VAN
VAN,WPG
VGK,VAN
VAN,WPG
VAN,WSH
VGK,VAN
VAN,VGK
WPG,VAN
WPG,VGK
VGK,WPG
WSH,VGK
VGK,WSH
WPG,VGK
WPG,WSH
WSH,WPG
